{"Learning Rate": 0.0, "Test Loss": 2.8664472103118896, "_runtime": 368.2286539077759, "_step": 151, "train_acc": 0.1090981116373979, "_timestamp": 1576716309.22566}
