{"_runtime": 117.6873824596405, "_timestamp": 1576793867.418661, "Best Accuracy": 0.13793461986358344, "Validation Loss": 16.000526428222656, "Validation Accuracy": 0.12075777740808517, "Learning Rate": 0.0014998731572970494, "_step": 6}
