{"Learning Rate": 0.002275008506821159, "Test Loss": 0.7599261403083801, "_step": 199, "_runtime": 2435.6075954437256, "val_acc": 0.12100690767944323, "_timestamp": 1576718376.6046016}
