{"_runtime": 1389.3316922187805, "_timestamp": 1576795139.0629709, "Best Accuracy": 0.23782093938889814, "Validation Loss": 16.197587966918945, "Validation Accuracy": 0.10665169411634226, "Learning Rate": 2.1085341393698045e-06, "_step": 45}
