{"Validation Accuracy": 0.18811074785360415, "_runtime": 252.73587203025818, "_timestamp": 1576793592.1998022, "Validation Loss": 1733.444580078125, "_step": 0, "Best Accuracy": 0.18811074785360415, "Learning Rate": 0.037832608531668234}
