{"Learning Rate": 3.787221953795267e-05, "_step": 17, "Test Loss": 0.6864428520202637, "train_acc": 0.11001151371100586, "_timestamp": 1576715802.8800325, "_runtime": 164.73085713386536}
