{"_runtime": 2557.4593336582184, "_timestamp": 1576796307.1906123, "Best Accuracy": 0.16118583604759792, "Validation Loss": 37.09686279296875, "Validation Accuracy": 0.13393498028776615, "Learning Rate": 0.00125764205222232, "_step": 74}
