{"_runtime": 3894.0868005752563, "_timestamp": 1576797643.8180792, "Best Accuracy": 0.1609369533146491, "Validation Loss": 35.84521484375, "Validation Accuracy": 0.1581812082715635, "Learning Rate": 4.101595285504269e-05, "_step": 158}
