{"_runtime": 2192.059766769409, "_timestamp": 1576795941.7910454, "Best Accuracy": 0.1363805236636981, "Validation Loss": 37.78622055053711, "Validation Accuracy": 0.10763637150617338, "Learning Rate": 0.0009991861551884658, "_step": 60}
