{"Learning Rate": 0.0, "Test Loss": 15.051714897155762, "_step": 40, "_runtime": 1194.1467492580414, "val_acc": 0.0, "_timestamp": 1576717135.1437554}
