{"_runtime": 4439.461914539337, "_timestamp": 1576798189.1931932, "Best Accuracy": 0.4410887357117866, "Validation Loss": 1.2341872215270997, "Validation Accuracy": 0.38707036167350195, "Learning Rate": 7.279927608719684e-05, "_step": 217}
