{"Validation Accuracy": 0.12528168419734745, "_timestamp": 1576793137.1446261, "Best Accuracy": 0.12528168419734745, "Learning Rate": 0.005044334076898577, "Validation Loss": 2054.718994140625, "_step": 0, "_runtime": 29.135446548461914}
