{"Learning Rate": 2.6808293424658602e-05, "Test Loss": 0.8349025845527649, "_step": 69, "_runtime": 3043.5236053466797, "val_acc": 0.10373245572596815, "_timestamp": 1576718984.5206115}
