{"_runtime": 4679.95016503334, "_timestamp": 1576798429.6814437, "Best Accuracy": 0.1422310713860604, "Validation Loss": 1.8652276992797852, "Validation Accuracy": 0.12161348150873434, "Learning Rate": 0.010117191468449952, "_step": 56}
