{"_runtime": 1149.5953390598297, "_timestamp": 1576794899.3266177, "Best Accuracy": 0.11991903732046803, "Validation Loss": 16.201223373413086, "Validation Accuracy": 0.10741418510508512, "Learning Rate": 3.6330671044546406e-05, "_step": 42}
