{"Validation Accuracy": 0.0, "_step": 1, "Learning Rate": 0.0003584900923069419, "Best Accuracy": 0, "_timestamp": 1576792742.4785373, "Validation Loss": 3113.087158203125, "_runtime": 135.10341572761536}
