{"_runtime": 27.30693769454956, "_timestamp": 1576793777.0382164, "Best Accuracy": 0, "Validation Loss": 21.72224235534668, "Validation Accuracy": 0.0, "Learning Rate": 7.94002115088897e-05, "_step": 0}
