{"Learning Rate": 9.702373197477014e-05, "Test Loss": 3.2330853939056396, "_step": 9, "_runtime": 1082.1388840675354, "val_acc": 0.13562403460147762, "_timestamp": 1576717023.1358902}
